nation,cls,date,rb_br,rb_lower_br,rb_battles_sum,rb_battles_mean,rb_win_rate,rb_air_frags_per_battle,rb_air_frags_per_death,rb_ground_frags_per_battle,rb_ground_frags_per_death,date_numeric,date_scaled
USSR,Ground_vehicles,2025-02-11,11.3 ~ 12.3,11.3,52656.0,7782.016684391776,0.5407720031905197,0.1339949863263445,0.1358956244302643,1.6227947432391372,1.4597912868429048,732,0.9606299212598424
USSR,Ground_vehicles,2023-06-04,11.3 ~ 12.3,11.3,47966.0,10013.346974940583,0.6593152149439185,0.1149683108868781,0.1149683108868781,1.7816232331234625,1.7693284826752282,114,0.1496062992125984
USSR,Ground_vehicles,2023-04-10,11.3 ~ 12.3,11.3,26682.0,26682.0,0.6920999999999999,0.0,0.0,2.09,2.07,59,0.0774278215223097
USSR,Ground_vehicles,2024-02-10,11.3 ~ 12.3,11.3,54758.0,8633.02816026882,0.4540047536433033,0.1479630373644034,0.1535676978706308,1.4611978158442602,1.3120859052558531,365,0.479002624671916
USSR,Ground_vehicles,2025-01-09,11.3 ~ 12.3,11.3,47202.0,8229.115811476915,0.6417981144866742,0.1645557391635947,0.1828397101817719,1.663043938816152,1.5753230795305284,699,0.9173228346456692
USSR,Ground_vehicles,2023-06-25,11.3 ~ 12.3,11.3,38571.0,8367.913724041378,0.6327617406860077,0.1535241502683363,0.1983417593528817,1.7582450545746804,1.6738430427004745,135,0.1771653543307086
USSR,Ground_vehicles,2024-12-19,11.3 ~ 12.3,11.3,52549.0,8799.703480561,0.6783663342784831,0.192345810576795,0.2210184779919694,1.701541418485604,1.5971032750385354,678,0.889763779527559
USSR,Ground_vehicles,2024-03-21,11.3 ~ 12.3,11.3,41518.0,6962.227812836199,0.5014047377041283,0.1142988583265089,0.1258109735536393,1.5165082614769498,1.401389999518281,405,0.531496062992126
USSR,Ground_vehicles,2025-02-05,11.3 ~ 12.3,11.3,53679.0,7972.226267255352,0.5480337469028858,0.1391486428584735,0.1410547886510553,1.6339002216881835,1.4656025633860543,726,0.952755905511811
USSR,Ground_vehicles,2023-02-19,11.3 ~ 12.3,11.3,21275.0,21275.0,0.5033,0.0,0.0,2.04,1.86,9,0.0118110236220472
USSR,Ground_vehicles,2024-02-01,11.3 ~ 12.3,11.3,64313.0,10095.915998061564,0.455843757871659,0.1366364498623917,0.147567365851383,1.4329527467230576,1.3057165736320806,356,0.4671916010498688
USSR,Ground_vehicles,2023-06-22,11.3 ~ 12.3,11.3,40311.0,8734.725720026792,0.6347184490585697,0.1484527796383121,0.1896896628711765,1.7653541217037534,1.6951574012056263,132,0.1732283464566929
USSR,Ground_vehicles,2023-06-28,11.3 ~ 12.3,11.3,37326.0,8083.610191287575,0.6324927048170176,0.1556687027809034,0.201112361356695,1.7565035096179604,1.6707568450945722,138,0.1811023622047244
USSR,Ground_vehicles,2023-10-12,11.3 ~ 12.3,11.3,27426.0,5852.284866549989,0.5767927988040545,0.1310471815065995,0.1516845329249617,1.6261572959964998,1.5117053161233864,244,0.3202099737532808
USSR,Ground_vehicles,2024-05-01,11.3 ~ 12.3,11.3,28729.0,5218.60476638008,0.5727530926937938,0.143891190086672,0.1624577952591458,1.5907595112952069,1.4699930383932611,446,0.5853018372703412
USSR,Ground_vehicles,2024-08-23,11.3 ~ 12.3,11.3,40090.0,5530.124499875281,0.6410592516837117,0.14693190321776,0.161205288101771,1.7847650286854575,1.7053103018209033,560,0.7349081364829396
USSR,Ground_vehicles,2024-08-02,11.3 ~ 12.3,11.3,27983.0,3865.918105039965,0.6793787763999571,0.1301461601686738,0.1630482793124397,1.7659128756745168,1.7519486831290427,539,0.7073490813648294
USSR,Ground_vehicles,2023-07-16,11.3 ~ 12.3,11.3,38576.0,8013.02478224803,0.6230809752177521,0.1536901182082123,0.1938705412691829,1.6867150559933637,1.60622485483202,156,0.2047244094488189
USSR,Ground_vehicles,2025-02-02,11.3 ~ 12.3,11.3,53212.0,7966.81026836052,0.5540248496579719,0.1421814628279335,0.1441028339472299,1.6353730361572578,1.475923663835225,723,0.9488188976377953
USSR,Ground_vehicles,2023-05-07,11.3 ~ 12.3,11.3,44558.0,8884.742644418511,0.7041962094348938,0.0037535347187934,0.0030129269715875,1.7806104403249698,1.808331163876296,86,0.1128608923884514
USSR,Ground_vehicles,2024-01-22,11.3 ~ 12.3,11.3,71202.0,15145.792544450998,0.4769568607623381,0.1323384174601837,0.150481587595854,1.4447271144068987,1.3219604786382406,346,0.4540682414698163
USSR,Ground_vehicles,2023-07-13,11.3 ~ 12.3,11.3,37809.0,7895.431920971197,0.6252831045518262,0.1546965008331349,0.1958819328731254,1.6997246687296677,1.616039567298791,153,0.2007874015748031
USSR,Ground_vehicles,2023-09-05,11.3 ~ 12.3,11.3,55744.0,11456.84950846728,0.6265102037887484,0.1318527554535017,0.1740456371986222,1.5512740384615384,1.510141360505166,207,0.2716535433070866
USSR,Ground_vehicles,2024-12-06,11.3 ~ 12.3,11.3,44741.0,7034.559154541323,0.6660623902013814,0.2032015377394336,0.2298509197380478,1.7547761560984334,1.6192293422140769,665,0.8727034120734908
USSR,Ground_vehicles,2023-11-06,11.3 ~ 12.3,11.3,30254.0,6683.436661267932,0.5573936372049977,0.1401517154756396,0.1534507833674886,1.6685231704898524,1.5762649566999407,269,0.3530183727034121
USSR,Ground_vehicles,2025-03-10,11.3 ~ 12.3,11.3,33208.0,5195.017549987954,0.5396114942182607,0.1353432907733076,0.1386714044808479,1.5703685858829195,1.4509006865815466,759,0.9960629921259844
USSR,Ground_vehicles,2024-05-23,11.3 ~ 12.3,11.3,34958.0,6575.401431718062,0.5869992734138109,0.1458544539161279,0.1624955661079009,1.6221494364666171,1.5053352594542024,468,0.6141732283464567
USSR,Ground_vehicles,2024-04-13,11.3 ~ 12.3,11.3,25440.0,4430.0762971698105,0.5609042727987421,0.1282669025157232,0.1588470911949685,1.6174245283018869,1.5257908805031446,428,0.5616797900262467
USSR,Ground_vehicles,2023-03-12,11.3 ~ 12.3,11.3,19423.0,19423.0,0.5782999999999999,0.0,0.0,2.03,1.94,30,0.0393700787401574
USSR,Ground_vehicles,2023-04-04,11.3 ~ 12.3,11.3,25222.0,25222.0,0.6731,0.0,0.0,2.07,2.05,53,0.0695538057742782
USSR,Ground_vehicles,2024-12-25,11.3 ~ 12.3,11.3,52261.0,8991.596087586026,0.676627253592545,0.1873993991695528,0.2090224067660396,1.6924804347410114,1.5935110311704712,684,0.8976377952755905
USSR,Ground_vehicles,2023-10-31,11.3 ~ 12.3,11.3,29984.0,6665.039487726788,0.5541374066168624,0.1392662753468516,0.149431696905016,1.6404755869797227,1.5423342449306296,263,0.3451443569553806
USSR,Ground_vehicles,2023-08-27,11.3 ~ 12.3,11.3,52039.0,10587.706609465977,0.6183531024808316,0.1293030227329503,0.1680939295528354,1.6039856645977055,1.5589799957724015,198,0.2598425196850393
USSR,Ground_vehicles,2024-06-19,11.3 ~ 12.3,11.3,31374.0,5758.546854082999,0.6280784056862371,0.1449352967425256,0.1404060687193217,1.7176572958500669,1.6463890482565182,495,0.6496062992125984
USSR,Ground_vehicles,2023-11-12,11.3 ~ 12.3,11.3,31025.0,6823.900386784851,0.5619222917002418,0.1444435132957292,0.1621092667203868,1.7135103948428685,1.6158797743755036,275,0.3608923884514435
USSR,Ground_vehicles,2023-05-13,11.3 ~ 12.3,11.3,44281.0,8922.194897360041,0.7052358031661434,0.0154793252184909,0.0131379146812402,1.7675599015379055,1.8087504798897949,92,0.1207349081364829
USSR,Ground_vehicles,2023-07-01,11.3 ~ 12.3,11.3,36744.0,7933.704768125408,0.6320382075985195,0.1547419986936642,0.2004833442194644,1.7574014805138252,1.6625568800348354,141,0.1850393700787401
USSR,Ground_vehicles,2025-01-06,11.3 ~ 12.3,11.3,47169.0,8265.346459185765,0.6532446818885285,0.1683966164218024,0.1893010239776124,1.6773346901566708,1.583687379422926,696,0.9133858267716536
USSR,Ground_vehicles,2024-06-16,11.3 ~ 12.3,11.3,31884.0,5887.4359109062025,0.6268022519131853,0.1463135114791118,0.1426326684230335,1.7109813699661274,1.644339480617238,492,0.6456692913385826
USSR,Ground_vehicles,2024-05-13,11.3 ~ 12.3,11.3,32667.0,6057.065364128938,0.5753655003520373,0.1472531912939663,0.1616897786757277,1.5879970612544771,1.4699608167263598,458,0.6010498687664042
USSR,Ground_vehicles,2023-05-17,11.3 ~ 12.3,11.3,48213.0,9771.51667600025,0.6971999564432829,0.0284647294298218,0.0249219090286852,1.7705286955800303,1.8071014041855933,96,0.1259842519685039
USSR,Ground_vehicles,2023-09-11,11.3 ~ 12.3,11.3,57268.0,11802.316839247049,0.6311395438988615,0.1300356219878466,0.1726702521477963,1.5203008661032338,1.4802394007124398,213,0.2795275590551181
USSR,Ground_vehicles,2024-09-26,11.3 ~ 12.3,11.3,33116.0,4688.488722470508,0.59366358255828,0.1560913153762531,0.1508298103635704,1.751103092160889,1.5902723758908082,594,0.7795275590551181
USSR,Ground_vehicles,2023-04-29,11.3 ~ 12.3,11.3,22754.0,11377.0,0.7267680583633649,0.0,0.0,2.079908587501099,2.099907708534764,78,0.1023622047244094
USSR,Ground_vehicles,2024-10-03,11.3 ~ 12.3,11.3,34228.0,4746.683432667212,0.5843736589926376,0.1542082505551011,0.1507035175879396,1.7539108332359472,1.5846044174360172,601,0.7887139107611548
USSR,Ground_vehicles,2023-02-13,11.3 ~ 12.3,11.3,22652.0,22652.0,0.4961,0.0,0.0,2.03,1.84,3,0.0039370078740157
USSR,Ground_vehicles,2023-08-24,11.3 ~ 12.3,11.3,51068.0,10368.856833046137,0.6163164173259184,0.1274138403697031,0.1653462050599201,1.6245592151640948,1.568374716064855,195,0.2559055118110236
USSR,Ground_vehicles,2024-12-28,11.3 ~ 12.3,11.3,51139.0,8894.152359907963,0.6742377676528677,0.1840882692270087,0.204542521363343,1.6921789632178963,1.5892800015643638,687,0.9015748031496064
USSR,Ground_vehicles,2023-07-25,11.3 ~ 12.3,11.3,42406.0,8683.95728788379,0.6166117742772249,0.1463736263736263,0.18,1.6644279111446494,1.5951664858746406,165,0.2165354330708661
USSR,Ground_vehicles,2024-08-29,11.3 ~ 12.3,11.3,39122.0,5431.369575515907,0.6279452200807729,0.1506410715198609,0.1532383313736516,1.787570931956444,1.6717974541178875,566,0.7427821522309711
USSR,Ground_vehicles,2024-05-05,11.3 ~ 12.3,11.3,29591.0,5425.4509901659285,0.573322334493596,0.1469805008279544,0.1631009428542462,1.5911030380859048,1.465738907100132,450,0.5905511811023622
USSR,Ground_vehicles,2024-03-29,11.3 ~ 12.3,11.3,30956.0,5180.241716737735,0.5259847008657449,0.1165799844941207,0.1364065124693113,1.5790728776327694,1.4816365163457812,413,0.541994750656168
USSR,Ground_vehicles,2024-03-13,11.3 ~ 12.3,11.3,63076.0,10487.120562231808,0.4874667020736888,0.1204768850275857,0.1221979833851227,1.478377671380557,1.3438228486270531,397,0.520997375328084
USSR,Ground_vehicles,2023-06-10,11.3 ~ 12.3,11.3,44537.0,9429.953824909626,0.6450574309001504,0.1327992455710982,0.1497523407503873,1.7785367222758606,1.744086489884815,120,0.1574803149606299
USSR,Ground_vehicles,2023-08-18,11.3 ~ 12.3,11.3,49350.0,9998.629316109424,0.6114843100303952,0.1258312056737588,0.1617829787234042,1.6395531914893615,1.5882717325227962,189,0.2480314960629921
USSR,Ground_vehicles,2024-05-27,11.3 ~ 12.3,11.3,35482.0,6698.587920166093,0.5905352150386112,0.1435285496871653,0.1600149371512316,1.627369370384984,1.5179059804971533,472,0.6194225721784777
USSR,Ground_vehicles,2023-07-19,11.3 ~ 12.3,11.3,39760.0,8205.13382168008,0.6189850653923541,0.1521911468812877,0.1892376760563379,1.6708840543259558,1.5992618209255531,159,0.2086614173228346
USSR,Ground_vehicles,2024-09-17,11.3 ~ 12.3,11.3,33226.0,4703.941266879352,0.6005021338710649,0.1668738337446578,0.1534882321073858,1.7620393667609706,1.6070420754830557,585,0.7677165354330708
USSR,Ground_vehicles,2023-08-15,11.3 ~ 12.3,11.3,48924.0,9898.965063159189,0.6097814467337094,0.1248879895347886,0.1596312648189028,1.6408447796582455,1.5938917504701169,186,0.2440944881889764
USSR,Ground_vehicles,2023-03-06,11.3 ~ 12.3,11.3,19216.0,19216.0,0.5617,0.0,0.0,2.04,1.93,24,0.0314960629921259
USSR,Ground_vehicles,2023-05-20,11.3 ~ 12.3,11.3,51201.0,10391.36377219195,0.693493830198629,0.0339602742133942,0.0301212866936192,1.7736762953848555,1.808719165641296,99,0.1299212598425196
USSR,Ground_vehicles,2023-05-10,11.3 ~ 12.3,11.3,44597.0,8936.671709980492,0.7058572639415206,0.0084476534296028,0.0069314079422382,1.7750714173599125,1.8026885216494384,89,0.1167979002624672
USSR,Ground_vehicles,2024-06-22,11.3 ~ 12.3,11.3,30588.0,5567.113549431149,0.6291973976722898,0.1436936053354256,0.1374460572773636,1.7252144631881785,1.6507875637504903,498,0.6535433070866141
USSR,Ground_vehicles,2023-05-26,11.3 ~ 12.3,11.3,53800.0,10992.76934479554,0.681240373605948,0.0581221189591078,0.0549079925650557,1.7773472118959108,1.7983901486988847,105,0.1377952755905512
USSR,Ground_vehicles,2024-04-06,11.3 ~ 12.3,11.3,21899.0,3744.3856606846575,0.5532843371843463,0.1262559934243572,0.15698936024476,1.6260674003379152,1.5370441572674551,421,0.55249343832021
USSR,Ground_vehicles,2024-01-07,11.3 ~ 12.3,11.3,62013.0,13001.115064583237,0.5310086481866706,0.1388402431748182,0.1602002805863286,1.5700404753841934,1.469625078612549,331,0.4343832020997375
USSR,Ground_vehicles,2024-04-20,11.3 ~ 12.3,11.3,28375.0,5031.568055800293,0.5687376775330396,0.1336528634361233,0.162669603524229,1.5978385903083698,1.503039295154185,435,0.5708661417322834
USSR,Ground_vehicles,2024-01-10,11.3 ~ 12.3,11.3,65577.0,13747.513278283544,0.5233110267319334,0.1354426094514845,0.1566055171782789,1.5381836619546485,1.4335931805358584,334,0.4383202099737532
USSR,Ground_vehicles,2023-09-23,11.3 ~ 12.3,11.3,48900.0,10034.620015337425,0.6231373865030674,0.1220006134969324,0.1616247443762781,1.5311795501022494,1.4725801635991818,225,0.2952755905511811
USSR,Ground_vehicles,2024-04-09,11.3 ~ 12.3,11.3,22744.0,3931.917219926134,0.5597054651776292,0.1271390256771016,0.1591342771720014,1.6247062961660217,1.532706208230742,424,0.5564304461942258
USSR,Ground_vehicles,2024-06-08,11.3 ~ 12.3,11.3,34824.0,6566.073184681062,0.612762482770503,0.1391075120606478,0.1476826326671261,1.675056570181484,1.5976900987824487,484,0.6351706036745407
USSR,Ground_vehicles,2023-10-02,11.3 ~ 12.3,11.3,37587.0,7756.105794556629,0.6030639769069094,0.124606379865379,0.1542259291776412,1.590140208050656,1.491630883018065,234,0.3070866141732283
USSR,Ground_vehicles,2024-08-11,11.3 ~ 12.3,11.3,37761.0,5189.964225876786,0.6700799687508275,0.1335173856624559,0.1640356452424458,1.77054659569397,1.7427870024628582,548,0.7191601049868767
USSR,Ground_vehicles,2024-02-28,11.3 ~ 12.3,11.3,57283.0,9359.474631798848,0.4765279070579404,0.1362302952010195,0.1422404552834174,1.4948082328090355,1.3311198784979836,383,0.5026246719160105
USSR,Ground_vehicles,2024-11-06,11.3 ~ 12.3,11.3,31734.0,4102.306522972206,0.5260130711539673,0.1266855738324825,0.1161284426797756,1.6746395033717778,1.51391409844331,635,0.8333333333333334
USSR,Ground_vehicles,2023-08-03,11.3 ~ 12.3,11.3,46595.0,9461.00693743964,0.6109954115248417,0.1331945487713274,0.1636390170619165,1.641844833136603,1.5846389097542657,174,0.2283464566929134
USSR,Ground_vehicles,2023-09-29,11.3 ~ 12.3,11.3,40076.0,8241.134319792394,0.6088430981135842,0.1240011478191436,0.1557700369298333,1.580831669827328,1.488420251522108,231,0.3031496062992126
USSR,Ground_vehicles,2024-11-13,11.3 ~ 12.3,11.3,31677.0,4239.970500152582,0.5515906430533194,0.1396912586419168,0.1333775294377624,1.691989140385769,1.5323995327840392,642,0.84251968503937
USSR,Ground_vehicles,2024-04-16,11.3 ~ 12.3,11.3,27853.0,4909.905776158164,0.5641973755071267,0.1311959214447277,0.1616055721107241,1.6140864538828852,1.5191117653394608,431,0.5656167979002624
USSR,Ground_vehicles,2025-03-07,11.3 ~ 12.3,11.3,35703.0,5596.646420002055,0.5397893622384674,0.1323093297482004,0.1355628378567627,1.5781704618659496,1.4586317676385738,756,0.9921259842519684
USSR,Ground_vehicles,2023-10-15,11.3 ~ 12.3,11.3,25304.0,5491.794498893455,0.5695269562124565,0.1399170091685109,0.1567491305722415,1.639490989566867,1.5192447834334493,247,0.3241469816272966
USSR,Ground_vehicles,2023-02-25,11.3 ~ 12.3,11.3,19973.0,19973.0,0.5203,0.0,0.0,2.05,1.89,15,0.0196850393700787
USSR,Ground_vehicles,2024-08-17,11.3 ~ 12.3,11.3,39380.0,5411.439525986119,0.6559922092432707,0.1387846622651092,0.1611178263077704,1.7740472320975116,1.7313572879634334,554,0.7270341207349081
USSR,Ground_vehicles,2024-06-12,11.3 ~ 12.3,11.3,33186.0,6189.253972558709,0.6222564967154824,0.1467112637859338,0.1457708069667932,1.6981428915807868,1.6272084613993854,488,0.6404199475065617
USSR,Ground_vehicles,2024-01-29,11.3 ~ 12.3,11.3,67233.0,10548.53830088399,0.4609539214373894,0.1343596150699805,0.1473621584638496,1.4318232118156264,1.311162226882632,353,0.463254593175853
USSR,Ground_vehicles,2024-08-26,11.3 ~ 12.3,11.3,39514.0,5468.22005365187,0.6324397934909145,0.150402389026674,0.156418484587741,1.787252113175077,1.6796866933238852,563,0.7388451443569554
USSR,Ground_vehicles,2025-03-13,11.3 ~ 12.3,11.3,31313.0,4879.813289475084,0.5395949190432089,0.1380404304921278,0.1425663462459681,1.5689825312170664,1.4486868073962889,762,1.0
USSR,Ground_vehicles,2023-02-10,11.3 ~ 12.3,11.3,23385.0,23385.0,0.498,0.0,0.0,2.02,1.84,0,0.0
USSR,Ground_vehicles,2024-10-08,11.3 ~ 12.3,11.3,33766.0,4607.727433907876,0.5765980631404372,0.1491488479535627,0.1482817034887164,1.760173547355328,1.582872416039803,606,0.7952755905511811
USSR,Ground_vehicles,2024-12-16,11.3 ~ 12.3,11.3,50867.0,8386.743514131624,0.6794208347258537,0.1935746161558574,0.2242632748147129,1.7198733953250631,1.6052890872274757,675,0.8858267716535433
USSR,Ground_vehicles,2024-01-16,11.3 ~ 12.3,11.3,70620.0,14885.273247663552,0.5011768082696119,0.1314075332766921,0.1492789578023222,1.4823024638912488,1.3640065137354858,340,0.4461942257217848
USSR,Ground_vehicles,2023-04-17,11.3 ~ 12.3,11.3,27207.0,27207.0,0.7029000000000001,0.0,0.0,2.1,2.09,66,0.0866141732283464
USSR,Ground_vehicles,2024-06-02,11.3 ~ 12.3,11.3,36019.0,6833.254041848283,0.601382487020739,0.1382398178738998,0.153707210083567,1.6437266442710792,1.560107165662567,478,0.6272965879265092
USSR,Ground_vehicles,2024-09-14,11.3 ~ 12.3,11.3,33847.0,4789.726953644341,0.6015720743345052,0.1680110497237569,0.153635772742045,1.7646503382869974,1.6140520577894644,582,0.7637795275590551
USSR,Ground_vehicles,2024-06-25,11.3 ~ 12.3,11.3,29982.0,5395.886631979188,0.6295742312053898,0.1432542859048762,0.1344656794076446,1.734121806417184,1.6549946634647457,501,0.65748031496063
USSR,Ground_vehicles,2024-12-22,11.3 ~ 12.3,11.3,53116.0,9032.632504957704,0.6776008133142557,0.1895428872656073,0.2147352963325551,1.6942966337826644,1.5924727012576247,681,0.8937007874015748
USSR,Ground_vehicles,2023-07-22,11.3 ~ 12.3,11.3,41286.0,8484.43745458509,0.6169107421401928,0.1507951848084096,0.1847490674805018,1.666518190185535,1.5935784527442718,162,0.2125984251968504
USSR,Ground_vehicles,2023-10-25,11.3 ~ 12.3,11.3,26987.0,6030.527596620595,0.5554411679697633,0.1431070515433357,0.1556419757661096,1.639144032311854,1.5291199466409755,257,0.337270341207349
USSR,Ground_vehicles,2023-09-26,11.3 ~ 12.3,11.3,45162.0,9265.977829812677,0.6178698175457242,0.1230789159027501,0.1603128736548425,1.558564058279084,1.4763730569948186,228,0.2992125984251969
USSR,Ground_vehicles,2023-12-08,11.3 ~ 12.3,11.3,37940.0,8240.241091196627,0.5467194122298367,0.1729169741697417,0.1880036900369004,1.7750569319978913,1.6683703215603585,301,0.39501312335958
USSR,Ground_vehicles,2023-10-09,11.3 ~ 12.3,11.3,30215.0,6382.020792652656,0.5844259175906008,0.127875227535992,0.1514042694026146,1.619103425450935,1.5105944067516135,241,0.316272965879265
USSR,Ground_vehicles,2024-05-17,11.3 ~ 12.3,11.3,33702.0,6264.095224319032,0.5800141415939708,0.1490867010859889,0.1637030443297133,1.6046605542697765,1.48312622396297,462,0.6062992125984252
USSR,Ground_vehicles,2025-01-15,11.3 ~ 12.3,11.3,47680.0,8039.287175615212,0.6181133410234898,0.1566474412751677,0.1706916946308724,1.655078020134228,1.5596325503355706,705,0.9251968503937008
USSR,Ground_vehicles,2023-11-03,11.3 ~ 12.3,11.3,30417.0,6731.905587336029,0.5568782621560312,0.1396709077160798,0.1519048558371963,1.6574576716967484,1.5615488049446034,266,0.3490813648293963
USSR,Ground_vehicles,2023-11-15,11.3 ~ 12.3,11.3,31296.0,6880.88269267638,0.5620668807515338,0.1438822852760736,0.1626495398773006,1.7217155547034766,1.6194123849693252,278,0.3648293963254593
USSR,Ground_vehicles,2023-09-20,11.3 ~ 12.3,11.3,52465.0,10767.382302487373,0.6269899857047556,0.1227423996950347,0.1626074525874392,1.510013342228152,1.4694920423139235,222,0.2913385826771653
USSR,Ground_vehicles,2024-03-25,11.3 ~ 12.3,11.3,36325.0,6083.97256939665,0.5132009029593944,0.1135999999999999,0.1304,1.5529013076393667,1.4496754301445285,409,0.536745406824147
USSR,Ground_vehicles,2023-03-15,11.3 ~ 12.3,11.3,19783.0,19783.0,0.5881000000000001,0.0,0.0,2.03,1.95,33,0.0433070866141732
USSR,Ground_vehicles,2023-07-07,11.3 ~ 12.3,11.3,35997.0,7646.509771647637,0.6288784009778593,0.1528599605522682,0.2001972386587771,1.7325504903186375,1.6389638025391005,147,0.1929133858267716
USSR,Ground_vehicles,2024-11-09,11.3 ~ 12.3,11.3,32634.0,4274.080750137893,0.5342490224918797,0.1313651406508549,0.1213783170926028,1.681317644174787,1.517854384997242,638,0.8372703412073491
USSR,Ground_vehicles,2024-09-20,11.3 ~ 12.3,11.3,32757.0,4639.52913270446,0.6004509326250876,0.1614360289403791,0.1500302225478523,1.7658115822572271,1.6034130109594893,588,0.7716535433070866
USSR,Ground_vehicles,2023-03-03,11.3 ~ 12.3,11.3,19384.0,19384.0,0.54715,0.0,0.0,2.045,1.92,21,0.0275590551181102
USSR,Ground_vehicles,2024-01-04,11.3 ~ 12.3,11.3,58655.0,12300.785239962494,0.5364084937345495,0.1420707527065041,0.1635966243287017,1.5983503537635326,1.5004398601994715,328,0.4304461942257218
USSR,Ground_vehicles,2023-09-17,11.3 ~ 12.3,11.3,54279.0,11145.455742552367,0.6285477938060761,0.1232747471397777,0.1643663295197037,1.5097564435601245,1.4662554579118996,219,0.2874015748031496
USSR,Ground_vehicles,2025-02-08,11.3 ~ 12.3,11.3,53427.0,7900.387652934533,0.5438100417391954,0.136865629737773,0.1378160854998409,1.6314445879424262,1.4626110393621203,729,0.9566929133858268
USSR,Ground_vehicles,2024-06-05,11.3 ~ 12.3,11.3,35642.0,6754.274208330996,0.6068796868862578,0.1368133101397228,0.1492508837887885,1.6531235620896694,1.5786976039503955,481,0.631233595800525
USSR,Ground_vehicles,2024-11-20,11.3 ~ 12.3,11.3,32655.0,4592.490128106977,0.5937507762976573,0.1585594855305466,0.1637299035369774,1.7358912877047925,1.5815752564691472,649,0.8517060367454068
USSR,Ground_vehicles,2024-01-26,11.3 ~ 12.3,11.3,69655.0,10914.162805972292,0.4687942703323523,0.1334261718469599,0.1484904170554877,1.4331905821549062,1.3146555164740503,350,0.4593175853018372
USSR,Ground_vehicles,2023-09-02,11.3 ~ 12.3,11.3,54592.0,11180.060576641266,0.6240300813305979,0.1306345252051582,0.1721058030480656,1.5657323417350526,1.5275989155920282,204,0.2677165354330709
USSR,Ground_vehicles,2023-12-29,11.3 ~ 12.3,11.3,53347.0,11216.100966314882,0.5413859411025925,0.1513633381446004,0.1712504920614092,1.6439524246911728,1.548275254466043,322,0.4225721784776903
USSR,Ground_vehicles,2025-01-30,11.3 ~ 12.3,11.3,52485.0,7970.948711695405,0.5623597275412023,0.1450965037629799,0.148017909879013,1.6383625797847003,1.4897107745070022,720,0.9448818897637796
USSR,Ground_vehicles,2023-05-29,11.3 ~ 12.3,11.3,51092.0,10528.347701205668,0.6717678110075941,0.0812332654818758,0.078923314804666,1.776999138808424,1.7872081734909575,108,0.1417322834645669
USSR,Ground_vehicles,2023-08-21,11.3 ~ 12.3,11.3,49976.0,10131.145509844726,0.6141757903793822,0.1272090603489675,0.1635545061629582,1.638250160076837,1.577924603809829,192,0.2519685039370078
USSR,Ground_vehicles,2023-06-01,11.3 ~ 12.3,11.3,49752.0,10298.835564399422,0.6668804289274805,0.0950006029908345,0.0918785174465348,1.7751863241678727,1.7784052902395884,111,0.1456692913385826
USSR,Ground_vehicles,2023-10-28,11.3 ~ 12.3,11.3,28624.0,6391.737589086082,0.5539840378703187,0.1402096143096702,0.1525810508664058,1.633864938513136,1.537298071548351,260,0.3412073490813648
USSR,Ground_vehicles,2023-12-05,11.3 ~ 12.3,11.3,36377.0,7937.029503532452,0.5494273167111087,0.1721791241718668,0.1884663386205569,1.7775165626632214,1.6682587898947137,298,0.3910761154855643
USSR,Ground_vehicles,2023-04-07,11.3 ~ 12.3,11.3,25889.0,25889.0,0.6809999999999999,0.0,0.0,2.08,2.06,56,0.0734908136482939
USSR,Ground_vehicles,2024-10-24,11.3 ~ 12.3,11.3,32427.0,4282.187903084878,0.538187316125451,0.137814783976316,0.1303876399296882,1.73037746322509,1.5423273815030685,622,0.8162729658792651
USSR,Ground_vehicles,2024-12-12,11.3 ~ 12.3,11.3,47995.0,7758.960957044137,0.6804050213563912,0.2001241796020418,0.2302006459006146,1.7421173038858215,1.6197047609125952,671,0.8805774278215223
USSR,Ground_vehicles,2023-08-30,11.3 ~ 12.3,11.3,53699.0,10972.232881431684,0.6221677740740051,0.1310296281122553,0.1709527179277081,1.5797215963053317,1.53693346244809,201,0.2637795275590551
USSR,Ground_vehicles,2024-02-15,11.3 ~ 12.3,11.3,51744.0,8199.621933621935,0.4597971764842299,0.152391581632653,0.156906887755102,1.48319573283859,1.324947626777984,370,0.4855643044619422
USSR,Ground_vehicles,2023-08-12,11.3 ~ 12.3,11.3,48377.0,9778.038949294089,0.6077988548277073,0.1245405874692519,0.1563780308824441,1.6364361163362755,1.5887700766893358,183,0.2401574803149606
USSR,Ground_vehicles,2023-11-28,11.3 ~ 12.3,11.3,33715.0,7363.705420436008,0.5575101616491175,0.1604223639329675,0.1760189826486727,1.77253981907163,1.6681655049681152,291,0.3818897637795275
USSR,Ground_vehicles,2025-03-01,11.3 ~ 12.3,11.3,40508.0,6269.594104868174,0.5368703984398144,0.1247975708502024,0.1278414140416708,1.6015456206181495,1.464296682136862,750,0.984251968503937
USSR,Ground_vehicles,2024-01-13,11.3 ~ 12.3,11.3,69311.0,14575.91212794506,0.5088502503210168,0.1324153453275814,0.1513318232315217,1.5008428676544847,1.3842618054854208,337,0.442257217847769
USSR,Ground_vehicles,2024-03-06,11.3 ~ 12.3,11.3,61733.0,10193.795366065691,0.4810199342329062,0.1268948536439181,0.1324931560105616,1.4767349715711209,1.3324476374062493,390,0.5118110236220472
USSR,Ground_vehicles,2024-02-22,11.3 ~ 12.3,11.3,52389.0,8403.888914339524,0.4680156215999542,0.1479070033785718,0.1479070033785718,1.5021634312546526,1.3265437400981122,377,0.494750656167979
USSR,Ground_vehicles,2024-05-30,11.3 ~ 12.3,11.3,35812.0,6790.143927547563,0.5955679381213002,0.1414665475259689,0.1569697308164861,1.6351359879370044,1.5360044119289624,475,0.6233595800524935
USSR,Ground_vehicles,2023-04-20,11.3 ~ 12.3,11.3,27207.0,27207.0,0.7029000000000001,0.0,0.0,2.1,2.09,69,0.0905511811023622
USSR,Ground_vehicles,2023-03-09,11.3 ~ 12.3,11.3,19239.0,19239.0,0.5685000000000001,0.0,0.0,2.04,1.93,27,0.0354330708661417
USSR,Ground_vehicles,2024-03-10,11.3 ~ 12.3,11.3,63584.0,10547.036559249707,0.4843913563160544,0.1228205208857574,0.1254905322093608,1.4700215463009565,1.333103296426774,394,0.5170603674540682
USSR,Ground_vehicles,2024-06-29,11.3 ~ 12.3,11.3,29418.0,5198.581047317968,0.6265623869739616,0.1406815555102318,0.1311877082058603,1.73027500169964,1.6554323883336737,505,0.6627296587926509
USSR,Ground_vehicles,2024-11-30,11.3 ~ 12.3,11.3,40059.0,6043.6313487605785,0.6393092763174318,0.1876369854464664,0.2089363189295789,1.7471322299608076,1.612299857709878,659,0.8648293963254593
USSR,Ground_vehicles,2024-08-14,11.3 ~ 12.3,11.3,38747.0,5321.847718102907,0.6635355821095827,0.1360224017343278,0.1626014917283918,1.771215061811237,1.7390123106305004,551,0.7230971128608924
USSR,Ground_vehicles,2024-01-01,11.3 ~ 12.3,11.3,55388.0,11628.133435942802,0.54004922907489,0.1468991478298548,0.1675738427096121,1.6305921860330757,1.5289062612840325,325,0.426509186351706
USSR,Ground_vehicles,2024-07-21,11.3 ~ 12.3,11.3,24203.0,3628.551267749177,0.6461043754906417,0.1247940337974631,0.1439342230302028,1.7084481262653388,1.655142337726728,527,0.6916010498687664
USSR,Ground_vehicles,2023-02-16,11.3 ~ 12.3,11.3,22013.0,22013.0,0.4985,0.0,0.0,2.03,1.85,6,0.0078740157480314
USSR,Ground_vehicles,2023-12-15,11.3 ~ 12.3,11.3,41963.0,9016.962288206278,0.5431841264923861,0.1726072969044157,0.1877687486595333,1.7460298358077353,1.6474141505612088,308,0.4041994750656168
USSR,Ground_vehicles,2023-10-05,11.3 ~ 12.3,11.3,33339.0,6956.934176190048,0.5922821290380635,0.1270658987972044,0.1524790785566454,1.6072242718737817,1.5011731005729023,237,0.3110236220472441
USSR,Ground_vehicles,2023-03-24,11.3 ~ 12.3,11.3,21931.0,21931.0,0.6274000000000001,0.0,0.0,2.05,1.99,42,0.0551181102362204
USSR,Ground_vehicles,2024-04-24,11.3 ~ 12.3,11.3,28569.0,5098.477029297491,0.5707229899541462,0.1367783261577234,0.1627036298085337,1.5864569988449018,1.491919563162869,439,0.5761154855643045
USSR,Ground_vehicles,2025-02-14,11.3 ~ 12.3,11.3,51334.0,7626.129429487929,0.537590670900378,0.1322363345930572,0.1341528032103479,1.6163084895001365,1.4542260490123504,735,0.9645669291338582
USSR,Ground_vehicles,2024-11-03,11.3 ~ 12.3,11.3,31703.0,4055.9991231113777,0.5236867078825348,0.124514399268208,0.1147632716146737,1.6816313913509764,1.5169025013405677,632,0.8293963254593176
USSR,Ground_vehicles,2023-04-23,11.3 ~ 12.3,11.3,21001.0,21001.0,0.7169,0.0,0.0,2.1,2.1,72,0.0944881889763779
USSR,Ground_vehicles,2024-05-09,11.3 ~ 12.3,11.3,31445.0,5812.517485556792,0.5739786357131499,0.1475814914930831,0.1618635713149944,1.583833359834632,1.4633388456034344,454,0.5958005249343832
USSR,Ground_vehicles,2023-03-27,11.3 ~ 12.3,11.3,22433.0,22433.0,0.6355,0.0,0.0,2.05,2.0,45,0.0590551181102362
USSR,Ground_vehicles,2024-07-30,11.3 ~ 12.3,11.3,26256.0,3673.114036156816,0.6746234879646558,0.1283040067032297,0.1612964655697745,1.7489225319926875,1.7365055606337598,536,0.7034120734908137
USSR,Ground_vehicles,2023-12-12,11.3 ~ 12.3,11.3,40326.0,8714.464681595002,0.5434610797004416,0.1735118781927292,0.1874859891881168,1.760168129742598,1.6573912612210484,305,0.400262467191601
USSR,Ground_vehicles,2024-07-04,11.3 ~ 12.3,11.3,29308.0,5136.78178597425,0.624490333697284,0.1387624539374914,0.1285468131568172,1.7224802101815204,1.6506646649379009,510,0.6692913385826772
USSR,Ground_vehicles,2024-07-15,11.3 ~ 12.3,11.3,23510.0,3720.884083368779,0.6308501829008932,0.1243300723096554,0.1353466609953211,1.7158723947256485,1.640195661420672,521,0.6837270341207349
USSR,Ground_vehicles,2024-07-27,11.3 ~ 12.3,11.3,25637.0,3663.021006097957,0.6641015680461833,0.1258571595740531,0.1539899364200179,1.7266212895424582,1.7080325311073838,533,0.699475065616798
USSR,Ground_vehicles,2023-12-01,11.3 ~ 12.3,11.3,35017.0,7662.292550761058,0.5527452837193363,0.1698495016706171,0.1848702058999914,1.7724668018391063,1.6706262672416254,294,0.3858267716535433
USSR,Ground_vehicles,2023-09-14,11.3 ~ 12.3,11.3,56758.0,11689.28328605659,0.6306710173015257,0.1278903414496635,0.1694547024208041,1.5114776771556433,1.4722972972972974,216,0.2834645669291338
USSR,Ground_vehicles,2024-04-03,11.3 ~ 12.3,11.3,24467.0,4141.239397283416,0.5459204316017494,0.1245596109044835,0.1524216291331181,1.612369313769567,1.5228152205010832,418,0.5485564304461942
USSR,Ground_vehicles,2023-06-13,11.3 ~ 12.3,11.3,43441.0,9261.64684284432,0.6400945167008126,0.1365700605418844,0.160354734007044,1.7762503165212586,1.7323827720356348,123,0.1614173228346456
USSR,Ground_vehicles,2024-12-31,11.3 ~ 12.3,11.3,49806.0,8721.876025646174,0.669498498172911,0.179345861944344,0.1996717262980364,1.6909121390997068,1.5937718347187086,690,0.905511811023622
USSR,Ground_vehicles,2023-11-25,11.3 ~ 12.3,11.3,33157.0,7233.790888801761,0.5603497391199446,0.1527496456253581,0.1689996079259281,1.7662041197937086,1.6605766504810449,288,0.3779527559055118
USSR,Ground_vehicles,2024-07-13,11.3 ~ 12.3,11.3,23276.0,3745.280724064845,0.6267717906856849,0.1292094861660079,0.1340247465200206,1.7166746863722286,1.6340982127513315,519,0.6811023622047244
USSR,Ground_vehicles,2023-12-25,11.3 ~ 12.3,11.3,48347.0,10218.697587233954,0.543426760709041,0.1623527830061844,0.1782474610627339,1.6875034645376137,1.5927718369288684,318,0.4173228346456692
